hw_eV,lambda_nm,variant,sigma_xx,sigma_yy,avg_x,avg_y,node_x_deg,node_y_deg,ratio_min,ratio_max
1.96,633,full,1.26367,1.26360,1.03752,1.03744,6.0,0.0,1.0000,1.0000
1.96,633,centres_only,1.21903,1.21895,1.00059,1.00050,6.0,0.0,0.9808,0.9828
1.96,633,no_berry,1.36481,1.21895,1.13074,1.00050,-8.0,0.0,0.6620,1.2310
2.33,532,full,1.40555,1.40536,1.05124,1.05113,7.0,0.0,1.0000,1.0000
2.33,532,centres_only,1.33724,1.33704,0.99951,0.99940,7.0,0.0,0.9729,0.9763
2.33,532,no_berry,1.55476,1.33704,1.18345,0.99940,-9.5,0.0,0.5781,1.2830
2.54,488,full,1.51148,1.51135,1.05945,1.05938,7.5,0.0,1.0000,1.0000
2.54,488,centres_only,1.42576,1.42563,0.99840,0.99833,8.0,0.0,0.9678,0.9723
2.54,488,no_berry,1.69435,1.42563,1.21700,0.99833,-10.5,0.0,0.5275,1.3145
