column_rel_K,x_pt,y_pt,energy_eV
-1.200000000000000000e+01,9.121500000000000341e+01,1.760480000000000018e+02,1.199982799262332200e+00
-1.100000000000000000e+01,9.311599999999999966e+01,2.697414999999999736e+02,-1.170000556401640246e+00
-1.100000000000000000e+01,9.311599999999999966e+01,1.776289900000000159e+02,1.159991551358569239e+00
-1.000000000000000000e+01,9.501600000000000534e+01,2.653935400000000300e+02,-1.060018617087892245e+00
-1.000000000000000000e+01,9.501600000000000534e+01,1.819779900000000055e+02,1.049983305175188342e+00
-9.000000000000000000e+00,9.691700000000000159e+01,2.610445399999999836e+02,-9.500103709045104594e-01
-9.000000000000000000e+00,9.691700000000000159e+01,1.863260099999999966e+02,9.399998481574218800e-01
-8.000000000000000000e+00,9.881600000000000250e+01,2.570910400000000209e+02,-8.500063237014767736e-01
-8.000000000000000000e+00,9.881600000000000250e+01,1.906750100000000145e+02,8.299916019740409823e-01
-7.000000000000000000e+00,1.007159999999999940e+02,2.531380300000000148e+02,-7.500146710812494177e-01
-7.000000000000000000e+00,1.007159999999999940e+02,1.946280199999999923e+02,7.299999493538145146e-01
-6.000000000000000000e+00,1.026170000000000044e+02,2.491844899999999825e+02,-6.500096120755358697e-01
-6.000000000000000000e+00,1.026170000000000044e+02,1.989770200000000102e+02,6.199917031704327286e-01
-5.000000000000000000e+00,1.045169999999999959e+02,2.448354899999999930e+02,-5.400013658921549720e-01
-5.000000000000000000e+00,1.045169999999999959e+02,2.029305200000000013e+02,5.199876559673981546e-01
-4.000000000000000000e+00,1.064170000000000016e+02,2.412770000000000152e+02,-4.499891230866603919e-01
-4.000000000000000000e+00,1.064170000000000016e+02,2.064879999999999995e+02,4.300009611795267972e-01
-3.000000000000000000e+00,1.083169999999999931e+02,2.298125099999999748e+02,-1.599940809420488108e-01
-3.000000000000000000e+00,1.083169999999999931e+02,2.104410000000000025e+02,3.300095615099687407e-01
-2.000000000000000000e+00,1.102169999999999987e+02,2.270459900000000175e+02,-9.001477231219290331e-02
-2.000000000000000000e+00,1.102169999999999987e+02,2.140000300000000095e+02,2.399836593683177810e-01
-1.000000000000000000e+00,1.121179999999999950e+02,2.246739800000000002e+02,-3.001462054639780774e-02
-1.000000000000000000e+00,1.121179999999999950e+02,2.171620100000000093e+02,1.600011635607927474e-01
0.000000000000000000e+00,1.140180000000000007e+02,2.230925000000000011e+02,9.989021940172371217e-03
0.000000000000000000e+00,1.140180000000000007e+02,2.191390000000000100e+02,1.099930691432069452e-01
1.000000000000000000e+00,1.159184999999999945e+02,2.246739800000000002e+02,-3.001462054639780774e-02
1.000000000000000000e+00,1.159184999999999945e+02,2.171620100000000093e+02,1.600011635607927474e-01
2.000000000000000000e+00,1.178179999999999978e+02,2.270459900000000175e+02,-9.001477231219290331e-02
2.000000000000000000e+00,1.178179999999999978e+02,2.143949800000000039e+02,2.299933726747962481e-01
3.000000000000000000e+00,1.197180000000000035e+02,2.290219999999999914e+02,-1.399980775641633812e-01
3.000000000000000000e+00,1.197180000000000035e+02,2.112320200000000057e+02,3.100006576479366061e-01
4.000000000000000000e+00,1.216189999999999998e+02,2.317895299999999850e+02,-2.100029342116442876e-01
4.000000000000000000e+00,1.216189999999999998e+02,2.080690000000000168e+02,3.900094603250936487e-01
5.000000000000000000e+00,1.235190000000000055e+02,2.432539900000000159e+02,-4.999972175042461942e-01
5.000000000000000000e+00,1.235190000000000055e+02,2.049070000000000107e+02,4.699924620339581693e-01
6.000000000000000000e+00,1.254200000000000017e+02,2.464170200000000079e+02,-5.800062731320734244e-01
6.000000000000000000e+00,1.254200000000000017e+02,2.017439799999999934e+02,5.500012647111161002e-01
7.000000000000000000e+00,1.273190000000000026e+02,2.491844899999999825e+02,-6.500096120755358697e-01
7.000000000000000000e+00,1.273190000000000026e+02,1.985810199999999952e+02,6.300085496842564581e-01
8.000000000000000000e+00,1.292189999999999941e+02,2.523470100000000116e+02,-7.300057672192172831e-01
8.000000000000000000e+00,1.292189999999999941e+02,1.958139900000000182e+02,7.000007587982599588e-01
9.000000000000000000e+00,1.311200000000000045e+02,2.555094999999999743e+02,-8.100011635108881336e-01
9.000000000000000000e+00,1.311200000000000045e+02,1.930470200000000034e+02,7.699914502082458867e-01
1.000000000000000000e+01,1.330200000000000102e+02,2.582770000000000437e+02,-8.800052613063620299e-01
1.000000000000000000e+01,1.330200000000000102e+02,1.906750100000000145e+02,8.299916019740409823e-01
1.100000000000000000e+01,1.349209999999999923e+02,2.614389999999999645e+02,-9.599882630152238860e-01
1.100000000000000000e+01,1.349209999999999923e+02,1.879070000000000107e+02,9.000086002536589191e-01
1.200000000000000000e+01,1.368204999999999814e+02,2.642069999999999936e+02,-1.030005008344173412e+00
1.200000000000000000e+01,1.368204999999999814e+02,1.855349999999999966e+02,9.600084990687847153e-01
1.300000000000000000e+01,1.387199999999999989e+02,2.669750000000000227e+02,-1.100021753673123825e+00
1.300000000000000000e+01,1.387199999999999989e+02,1.831629900000000077e+02,1.020008650834579811e+00
1.400000000000000000e+01,1.406210000000000093e+02,2.693469999999999800e+02,-1.160021652488247845e+00
1.400000000000000000e+01,1.406210000000000093e+02,1.811869800000000055e+02,1.069991956086551177e+00
1.500000000000000000e+01,1.425209999999999866e+02,1.788139900000000182e+02,1.130016897017960709e+00
1.600000000000000000e+01,1.444209999999999923e+02,1.768379800000000159e+02,1.180000202269932075e+00
1.700000000000000000e+01,1.463215000000000146e+02,1.760480000000000018e+02,1.199982799262332200e+00
