size,R_cut,grid,eta_eV,median_Gamma_Ncells_meV,argmax_E_minus_ED_eV
5x5,0,60,0.01,2524.4490,-0.9097
5x5,0,60,0.02,2678.7630,-0.9097
5x5,0,60,0.05,2697.6879,-0.9097
5x5,0,120,0.01,2588.4063,-0.9097
5x5,0,120,0.02,2629.7645,-0.9097
5x5,0,120,0.05,2654.7234,-0.9390
5x5,0,240,0.01,2582.0924,-0.9097
5x5,0,240,0.02,2627.5712,-0.9097
5x5,0,240,0.05,2655.5494,-0.9349
5x5,1,60,0.01,2538.1466,-1.4064
5x5,1,60,0.02,2523.9572,-1.3568
5x5,1,60,0.05,2472.0839,-1.3073
5x5,1,120,0.01,2556.5157,-1.1825
5x5,1,120,0.02,2549.0634,-1.1825
5x5,1,120,0.05,2541.5795,-1.3052
5x5,1,240,0.01,2554.6264,-1.1834
5x5,1,240,0.02,2553.6336,-1.2387
5x5,1,240,0.05,2543.0612,-1.2351
5x5,2,60,0.01,2538.8972,-0.9097
5x5,2,60,0.02,2556.6281,-1.1961
5x5,2,60,0.05,2508.7824,-1.1961
5x5,2,120,0.01,2515.6701,-1.1824
5x5,2,120,0.02,2539.5071,-1.1156
5x5,2,120,0.05,2531.0958,-1.1961
5x5,2,240,0.01,2526.3976,-1.1834
5x5,2,240,0.02,2534.0139,-1.1268
5x5,2,240,0.05,2534.4569,-1.1552
5x5,3,60,0.01,2556.5168,-0.9097
5x5,3,60,0.02,2572.3468,-1.0854
5x5,3,60,0.05,2554.7742,-1.1961
5x5,3,120,0.01,2528.7832,-1.1824
5x5,3,120,0.02,2536.7725,-1.1156
5x5,3,120,0.05,2533.1868,-1.1156
5x5,3,240,0.01,2527.6313,-1.1834
5x5,3,240,0.02,2524.3006,-1.1268
5x5,3,240,0.05,2528.7932,-1.1156
6x6,0,120,0.01,2576.6739,-0.9095
6x6,0,120,0.02,2612.6873,-0.9095
6x6,0,240,0.01,2568.1040,-0.9095
6x6,0,240,0.02,2611.4029,-0.9513
6x6,1,120,0.01,2534.7173,-1.4097
6x6,1,120,0.02,2527.1427,-1.3567
6x6,1,240,0.01,2534.5105,-1.1834
6x6,1,240,0.02,2536.6293,-1.3468
6x6,2,120,0.01,2495.5533,-1.1826
6x6,2,120,0.02,2502.6836,-1.1826
6x6,2,240,0.01,2509.5538,-1.1832
6x6,2,240,0.02,2511.8726,-1.1271
6x6,3,120,0.01,2504.8634,-1.1826
6x6,3,120,0.02,2517.0235,-1.1826
6x6,3,240,0.01,2504.0140,-1.1832
6x6,3,240,0.02,2509.2036,-1.1271
7x7,0,60,0.01,2485.3808,-0.9095
7x7,0,60,0.02,2634.8464,-0.9095
7x7,0,60,0.05,2672.4537,-1.0406
7x7,0,120,0.01,2564.1649,-0.9095
7x7,0,120,0.02,2599.5794,-1.0250
7x7,0,120,0.05,2623.0801,-1.0250
7x7,0,240,0.01,2552.5558,-0.9095
7x7,0,240,0.02,2602.9720,-1.0699
7x7,0,240,0.05,2622.0629,-1.0250
7x7,1,60,0.01,2461.1271,-1.3565
7x7,1,60,0.02,2447.8671,-1.4063
7x7,1,60,0.05,2404.7727,-1.3072
7x7,1,120,0.01,2497.5558,-1.4094
7x7,1,120,0.02,2504.8081,-1.3565
7x7,1,120,0.05,2481.0916,-1.3052
7x7,1,240,0.01,2513.7967,-1.4094
7x7,1,240,0.02,2508.3428,-1.4073
7x7,1,240,0.05,2480.3568,-1.3052
7x7,2,60,0.01,2487.7449,-1.4062
7x7,2,60,0.02,2473.0003,-1.1965
7x7,2,60,0.05,2454.9898,-1.1965
7x7,2,120,0.01,2480.9818,-1.1825
7x7,2,120,0.02,2488.4760,-1.3564
7x7,2,120,0.05,2475.7551,-1.1965
7x7,2,240,0.01,2490.5641,-1.1831
7x7,2,240,0.02,2492.0954,-1.2384
7x7,2,240,0.05,2476.7218,-1.2384
7x7,3,60,0.01,2498.1756,-1.4062
7x7,3,60,0.02,2512.6633,-1.1965
7x7,3,60,0.05,2438.7384,-1.1965
7x7,3,120,0.01,2493.7200,-1.1825
7x7,3,120,0.02,2490.2819,-1.1825
7x7,3,120,0.05,2483.7717,-1.1965
7x7,3,240,0.01,2485.9263,-1.1831
7x7,3,240,0.02,2487.4561,-1.1271
7x7,3,240,0.05,2473.7012,-1.1965
8x8,0,60,0.01,2476.3109,-0.9097
8x8,0,60,0.02,2627.3250,-0.9097
8x8,0,60,0.05,2666.5378,-1.0406
8x8,0,120,0.01,2550.2582,-0.9097
8x8,0,120,0.02,2600.5764,-1.1160
8x8,0,120,0.05,2618.8923,-1.0250
8x8,0,240,0.01,2546.4598,-0.9097
8x8,0,240,0.02,2597.6349,-1.0699
8x8,0,240,0.05,2615.7091,-1.0250
8x8,1,60,0.01,2442.6578,-1.3567
8x8,1,60,0.02,2438.4632,-1.4064
8x8,1,60,0.05,2395.2668,-1.3567
8x8,1,120,0.01,2497.8773,-1.4096
8x8,1,120,0.02,2495.4136,-1.3567
8x8,1,120,0.05,2470.8612,-1.3567
8x8,1,240,0.01,2502.7911,-1.4096
8x8,1,240,0.02,2497.4444,-1.4074
8x8,1,240,0.05,2466.3200,-1.3469
8x8,2,60,0.01,2477.3322,-1.4064
8x8,2,60,0.02,2447.5236,-1.2528
8x8,2,60,0.05,2438.6539,-1.1966
8x8,2,120,0.01,2466.7058,-1.4096
8x8,2,120,0.02,2462.0207,-1.3566
8x8,2,120,0.05,2461.5322,-1.2815
8x8,2,240,0.01,2476.8543,-1.2919
8x8,2,240,0.02,2474.8065,-1.2919
8x8,2,240,0.05,2459.2511,-1.2385
8x8,3,60,0.01,2487.2747,-1.4064
8x8,3,60,0.02,2498.6945,-1.1966
8x8,3,60,0.05,2425.0189,-1.1966
8x8,3,120,0.01,2482.6674,-1.1826
8x8,3,120,0.02,2478.5956,-1.1826
8x8,3,120,0.05,2464.0650,-1.1966
8x8,3,240,0.01,2479.0382,-1.1834
8x8,3,240,0.02,2478.4724,-1.2385
8x8,3,240,0.05,2462.2114,-1.2385
9x9,0,60,0.01,2477.6861,-0.9096
9x9,0,60,0.02,2624.4769,-0.9096
9x9,0,60,0.05,2662.2497,-1.0406
9x9,0,120,0.01,2549.4441,-0.9096
9x9,0,120,0.02,2597.4508,-1.1159
9x9,0,120,0.05,2615.1014,-1.0250
9x9,0,240,0.01,2543.5696,-0.9096
9x9,0,240,0.02,2596.9154,-1.0699
9x9,0,240,0.05,2610.1570,-1.0699
9x9,1,60,0.01,2435.5687,-1.3567
9x9,1,60,0.02,2433.3451,-1.4063
9x9,1,60,0.05,2388.9801,-1.3567
9x9,1,120,0.01,2487.7379,-1.4096
9x9,1,120,0.02,2485.8568,-1.3567
9x9,1,120,0.05,2461.0239,-1.3567
9x9,1,240,0.01,2498.6186,-1.4096
9x9,1,240,0.02,2488.8991,-1.4074
9x9,1,240,0.05,2458.7526,-1.3759
9x9,2,60,0.01,2477.6930,-1.4064
9x9,2,60,0.02,2436.8412,-1.2528
9x9,2,60,0.05,2431.0245,-1.2528
9x9,2,120,0.01,2462.6298,-1.4096
9x9,2,120,0.02,2458.7433,-1.3564
9x9,2,120,0.05,2450.6546,-1.2813
9x9,2,240,0.01,2475.2371,-1.2918
9x9,2,240,0.02,2466.8378,-1.2918
9x9,2,240,0.05,2449.4912,-1.2778
9x9,3,60,0.01,2483.7439,-1.4064
9x9,3,60,0.02,2493.3531,-1.1964
9x9,3,60,0.05,2415.7629,-1.1964
9x9,3,120,0.01,2480.9153,-1.1825
9x9,3,120,0.02,2475.2067,-1.1825
9x9,3,120,0.05,2456.4069,-1.1964
9x9,3,240,0.01,2473.5145,-1.1833
9x9,3,240,0.02,2473.5466,-1.2384
9x9,3,240,0.05,2455.2694,-1.2384
12x12,0,120,0.01,2538.1871,-0.9095
12x12,0,120,0.02,2590.1742,-1.1160
12x12,0,240,0.01,2531.2426,-1.0174
12x12,0,240,0.02,2585.1923,-1.0699
12x12,1,120,0.01,2462.8063,-1.4097
12x12,1,120,0.02,2475.6320,-1.4646
12x12,1,240,0.01,2480.1158,-1.4097
12x12,1,240,0.02,2475.3196,-1.4073
12x12,2,120,0.01,2446.9553,-1.4097
12x12,2,120,0.02,2444.7402,-1.3570
12x12,2,240,0.01,2461.6257,-1.2921
12x12,2,240,0.02,2453.8468,-1.2921
12x12,3,120,0.01,2464.7444,-1.4097
12x12,3,120,0.02,2460.4691,-1.3570
12x12,3,240,0.01,2461.8980,-1.1832
12x12,3,240,0.02,2458.7355,-1.2921
