energy_eV,DOS_per_eV (axis units of the article: 'DOS (eV^-1)')
-1.199996680277523708e+00,1.426961588022956084e-01
-1.180028549613247435e+00,1.400486950726546054e-01
-1.170002987750218715e+00,1.383634474709589945e-01
-1.160010623111902284e+00,1.370105022132596939e-01
-1.150018258473585853e+00,1.353891589084864622e-01
-1.140009295222914609e+00,1.343794710171130335e-01
-1.130000331972241590e+00,1.328457678909761852e-01
-1.120024565946281747e+00,1.316790580128792132e-01
-1.109999004083253027e+00,1.299481644848105022e-01
-1.100006639444936596e+00,1.287029436133517724e-01
-1.090030873418976753e+00,1.272751390364005586e-01
-1.080005311555948921e+00,1.261431200623471527e-01
-1.070012946917631602e+00,1.248358207310210077e-01
-1.040002655777971796e+00,1.205688395336616814e-01
-1.030010291139655365e+00,1.195609774793431890e-01
-1.020001327888983234e+00,1.181587346211609157e-01
-1.010008963250666802e+00,1.170687098993707931e-01
-9.999999999999946709e-01,1.154729283133665019e-01
-9.900242339740348285e-01,1.143043925982146214e-01
-9.800152707233626970e-01,1.129477956664054483e-01
-9.700229060850453777e-01,1.118815068263293855e-01
-9.600139428343732462e-01,1.106636735106945324e-01
-9.300036516947125520e-01,1.066796970568485436e-01
-9.200112870563970091e-01,1.057193067659581154e-01
-9.100023238057248776e-01,1.044156591087417596e-01
-9.000099591674084465e-01,1.033749319874346095e-01
-8.900175945290920154e-01,1.019252173658243277e-01
-8.500149387511157784e-01,9.741905151426985543e-02
-8.400059755004427586e-01,9.611722969410846362e-02
-8.299970122497706271e-01,9.500894660176908979e-02
-8.200046476114550842e-01,9.369069224811335528e-02
-8.100122829731377649e-01,9.278325123181574430e-02
-7.999867211101099329e-01,9.158732796083998706e-02
-7.899943564717935018e-01,9.055938169891727951e-02
-7.700096271951606397e-01,8.816570931991088433e-02
-7.600006639444893963e-01,8.715054391737264705e-02
-7.500248979185286657e-01,8.603860915092342854e-02
-7.399993360554999455e-01,8.511838727524131953e-02
-7.300069714171844026e-01,8.387681807789243438e-02
-7.200146067788688597e-01,8.287808520884853980e-02
-7.099890449158392514e-01,8.170954949369668707e-02
-6.899877170268515769e-01,7.983258900123396673e-02
-6.600106231119031719e-01,7.661363827340150756e-02
-6.500016598612301522e-01,7.581757331745431205e-02
-6.400092952229137211e-01,7.482066628546529818e-02
-6.300003319722424777e-01,7.393148363971691062e-02
-6.099990040832530269e-01,7.193949541279398563e-02
-6.000066394449374840e-01,7.113064959746223659e-02
-5.899976761942653525e-01,7.019582102534077661e-02
-5.799887129435923327e-01,6.946183452926096846e-02
-5.700129469176324903e-01,6.851239926070007424e-02
-5.400026557779717962e-01,6.611142353347393419e-02
-5.300102911396562533e-01,6.549063893479950549e-02
-5.200013278889832335e-01,6.467083809713819464e-02
-4.899910367493225394e-01,6.272449579658834207e-02
-4.599807456096618452e-01,6.115610176640795537e-02
-4.500049795837011146e-01,6.057913725705171837e-02
-4.200112870563970091e-01,5.965161203314989224e-02
-3.999933605550527460e-01,5.911846761311184695e-02
-3.600239020017870217e-01,5.906004082735422100e-02
-3.499817415264034892e-01,5.905638915324440408e-02
-3.099956843607829526e-01,5.981228569398328032e-02
-3.000033197224656334e-01,5.992366175433366804e-02
-2.899943564717935018e-01,6.011537464510080531e-02
-2.700096271951606397e-01,6.022492486839631232e-02
-2.599840653321328077e-01,6.011902631921062223e-02
-2.400159346678574224e-01,5.937591063785624401e-02
-2.299903728048278140e-01,5.880077196555488772e-02
-2.199980081665122711e-01,5.798279696494862412e-02
-2.100056435281967282e-01,5.693841816953160162e-02
-1.999966802775237085e-01,5.561833797882093089e-02
-1.899877170268515769e-01,5.418140421659517481e-02
-1.800119510008917345e-01,5.255458340065710665e-02
-1.699863891378621261e-01,5.070318462696332684e-02
-1.499850612488744517e-01,4.648550103008697310e-02
-1.300003319722415895e-01,4.200489689730146914e-02
-5.998738505460465831e-02,2.533135291172800008e-02
-3.001029113965536510e-02,1.859036250494561227e-02
-9.992364638311101999e-03,1.443840904204657383e-02
5.329070518200751394e-15,1.278054899617475648e-02
1.000896325067657244e-02,1.157367070286946520e-02
2.001792650134959217e-02,1.078673493219689528e-02
3.001029113966602324e-02,1.027184888270804564e-02
4.000265577798156613e-02,9.952327398096205702e-03
5.002821764101028634e-02,9.871990567679511663e-03
5.998738505461442827e-02,9.948675723986388775e-03
6.999634830528655982e-02,1.018055702996184531e-02
8.999767619427512244e-02,1.105878465338072658e-02
1.000066394449472540e-01,1.169600178554947023e-02
1.200079673339367048e-01,1.333560346087192539e-02
1.500016598612408103e-01,1.623138102998267218e-02
2.500248979185393239e-01,2.715171245548803070e-02
2.699930285828147092e-01,2.949608723401153654e-02
2.900109550841598605e-01,3.176925436739297393e-02
3.100122829731484231e-01,3.408258991598267507e-02
3.400059755004534168e-01,3.762106212842697417e-02
3.500149387511255483e-01,3.873664856898606512e-02
3.900009959167460849e-01,4.356781341631715820e-02
4.000099591674182165e-01,4.471991659797469598e-02
4.400126149453962299e-01,4.967523836504067480e-02
4.500049795837117728e-01,5.083464489491790195e-02
4.900076353616880098e-01,5.591960109288357517e-02
5.000000000000053291e-01,5.707900762276085782e-02
5.200013278889930035e-01,5.976116225644539925e-02
5.500116190286536977e-01,6.348039233732727382e-02
5.700129469176431485e-01,6.623375461615388371e-02
5.900308734189865234e-01,6.888669585695961217e-02
6.000066394449472540e-01,7.006801243149601843e-02
6.099990040832636851e-01,7.154328877187526858e-02
6.200245659462915171e-01,7.287980149608025426e-02
6.300003319722522477e-01,7.434412281412994261e-02
6.500182584735965108e-01,7.689481717985996445e-02
6.800285496132580931e-01,8.132247203805259561e-02
6.899877170268613469e-01,8.258960295417039355e-02
7.199980081665220411e-01,8.685658415152974765e-02
7.300235700295498731e-01,8.849983750096210300e-02
7.400159346678663042e-01,8.982722103989246309e-02
7.500082993061827352e-01,9.135179498075465809e-02
7.600172625568557550e-01,9.264083594153160739e-02
7.799853932211320284e-01,9.586161250641894727e-02
8.000033197224762915e-01,9.894727712924189511e-02
8.099956843607927226e-01,1.002710089940624105e-01
8.200046476114639660e-01,1.020110317074057749e-01
8.300136108621369857e-01,1.035356056482679976e-01
8.400059755004534168e-01,1.053778752366871796e-01
8.500149387511246601e-01,1.068038539765834294e-01
8.800252298907853543e-01,1.116605805426834630e-01
8.900175945291017854e-01,1.135831869615193113e-01
8.999933605550634041e-01,1.151132384135463149e-01
9.100023238057346475e-01,1.169025587273726519e-01
9.200112870564058909e-01,1.183084532596647420e-01
9.300036516947223220e-01,1.203004414865877225e-01
9.400126149453953417e-01,1.220459417110958678e-01
9.500049795837117728e-01,1.240288007527442227e-01
9.700229060850560359e-01,1.273591275409270696e-01
9.900242339740437103e-01,1.311057451776328209e-01
1.000000000000005329e+00,1.333770864739593220e-01
1.010008963250676572e+00,1.350422498680507455e-01
1.020001327888993004e+00,1.371109232512805753e-01
1.030010291139666023e+00,1.386902723037905238e-01
1.040002655777980678e+00,1.409780461336113400e-01
1.050011619028653698e+00,1.430010735904680419e-01
1.060003983666970129e+00,1.452888474202888580e-01
1.080021910168314392e+00,1.491358860950154630e-01
1.100039836669660431e+00,1.534740749375168301e-01
1.109999004083263685e+00,1.561489262229816821e-01
1.120007967333934928e+00,1.581190044052455945e-01
1.130016930584607948e+00,1.605930136146687115e-01
1.140009295222924379e+00,1.623695530691105782e-01
1.150001659861240810e+00,1.651429995555413754e-01
1.160027221724266866e+00,1.674216442000875660e-01
1.170002987750228485e+00,1.703667193696812854e-01
1.180011951000901504e+00,1.725467688132615307e-01
1.200013278889889179e+00,1.774126245646361621e-01
