size,R_cut,n_sites,fine_grid,max_dM_over_maxM,sv_mismatch_pi_blocks,diag_max_dM_over_max,diag_abs_mismatch,maxM_pi_eV,maxMdiag_eV
9x9,0,1,60,3.1708e-01,3.1708e-01,3.1708e-01,3.1708e-01,25.6014,25.6014
9x9,1,5,60,1.6301e-01,1.8508e-01,1.5005e-01,1.5005e-01,25.6014,25.6014
9x9,2,13,60,5.5681e-02,6.6075e-02,4.6200e-02,4.6200e-02,25.6014,25.6014
9x9,3,29,60,2.5879e-02,2.5737e-02,1.7074e-02,1.7074e-02,25.6014,25.6014
9x9,4,49,60,1.8194e-02,1.9846e-02,1.4106e-02,1.4106e-02,25.6014,25.6014
9x9,5,81,60,1.4950e-02,1.1040e-02,1.1945e-02,1.1945e-02,25.6014,25.6014
9x9,6,113,60,1.3619e-02,9.1728e-03,1.0052e-02,1.0052e-02,25.6014,25.6014
12x12,0,1,60,8.6782e-01,9.9271e-01,8.6782e-01,8.6782e-01,26.1611,26.1611
12x12,1,5,60,1.8925e-01,1.8948e-01,1.8925e-01,1.8925e-01,26.1611,26.1611
12x12,2,13,60,1.2506e-01,1.2521e-01,1.2506e-01,1.2506e-01,26.1611,26.1611
12x12,3,29,60,3.0979e-02,3.2908e-02,3.0979e-02,3.0979e-02,26.1611,26.1611
12x12,4,49,60,1.8573e-02,2.5296e-02,1.5291e-02,1.5291e-02,26.1611,26.1611
12x12,5,81,60,1.2739e-02,1.6202e-02,8.5068e-03,8.5068e-03,26.1611,26.1611
12x12,6,113,60,1.1781e-02,1.1178e-02,8.6769e-03,8.6769e-03,26.1611,26.1611
